<?xml version="1.0" encoding="UTF-8"?>
<project-private xmlns="http://www.netbeans.org/ns/project-private/1">
    <editor-bookmarks xmlns="http://www.netbeans.org/ns/editor-bookmarks/2" lastBookmarkId="0"/>
    <open-files xmlns="http://www.netbeans.org/ns/projectui-open-files/2">
        <group>
            <file>file:/C:/Users/OWNER%202/Documents/NetBeansProjects/Prog2/src/prog2/GamePanel.java</file>
            <file>file:/C:/Users/OWNER%202/Documents/NetBeansProjects/Prog2/src/CarnivoreFactory.java</file>
            <file>file:/C:/Users/OWNER%202/Documents/NetBeansProjects/Prog2/src/Story1.java</file>
            <file>file:/C:/Users/OWNER%202/Documents/NetBeansProjects/Prog2/src/IcrossingStrategy.java</file>
            <file>file:/C:/Users/OWNER%202/Documents/NetBeansProjects/Prog2/src/IRiverCrossingController.java</file>
            <file>file:/C:/Users/OWNER%202/Documents/NetBeansProjects/Prog2/src/GameController.java</file>
            <file>file:/C:/Users/OWNER%202/Documents/NetBeansProjects/Prog2/src/AbstractFactory.java</file>
            <file>file:/C:/Users/OWNER%202/Documents/NetBeansProjects/Prog2/src/Carnivore.java</file>
            <file>file:/C:/Users/OWNER%202/Documents/NetBeansProjects/Prog2/src/Farmer.java</file>
            <file>file:/C:/Users/OWNER%202/Documents/NetBeansProjects/Prog2/src/Plant.java</file>
            <file>file:/C:/Users/OWNER%202/Documents/NetBeansProjects/Prog2/src/Factory.java</file>
            <file>file:/C:/Users/OWNER%202/Documents/NetBeansProjects/Prog2/src/Fox.java</file>
            <file>file:/C:/Users/OWNER%202/Documents/NetBeansProjects/Prog2/src/ICrosser.java</file>
            <file>file:/C:/Users/OWNER%202/Documents/NetBeansProjects/Prog2/src/Goat.java</file>
            <file>file:/C:/Users/OWNER%202/Documents/NetBeansProjects/Prog2/src/Harbivore.java</file>
            <file>file:/C:/Users/OWNER%202/Documents/NetBeansProjects/Prog2/src/prog2/GameFrame.java</file>
        </group>
    </open-files>
</project-private>
