<?xml version="1.0" encoding="UTF-8"?>
<project-private xmlns="http://www.netbeans.org/ns/project-private/1">
    <editor-bookmarks xmlns="http://www.netbeans.org/ns/editor-bookmarks/2" lastBookmarkId="0"/>
    <open-files xmlns="http://www.netbeans.org/ns/projectui-open-files/2">
        <group>
            <file>file:/home/smsm/NetBeansProjects/RCP/src/Controllers/IcrossingStrategy.java</file>
            <file>file:/home/smsm/NetBeansProjects/RCP/src/Stories/Story1.java</file>
            <file>file:/home/smsm/NetBeansProjects/RCP/src/GUI/RCGUI.java</file>
            <file>file:/home/smsm/NetBeansProjects/RCP/src/Stories/Story2.java</file>
            <file>file:/home/smsm/NetBeansProjects/RCP/src/GUI/GameController.java</file>
            <file>file:/home/smsm/NetBeansProjects/RCP/src/Objects/Farmer.java</file>
        </group>
    </open-files>
</project-private>
